<?xml version="1.0" encoding="UTF-8" standalone="no"?>
<Course>
<Department>Computer Science</Department>
<Prefix>CSCI</Prefix>
<Number>4350</Number>
<Name>Artificial Intelligence</Name>
<Description>
Study of intelligent machines and machine learning. Includes problem solving and heuristic search, natural language understanding, game playing, database and expert systems. Artificial Intelligence projects will be implemented using an AI language such as LISP, Prolog, C++ or Ada.
</Description>
<Credit-hours>3.000</Credit-hours>
<Lecture-hours>3.000</Lecture-hours>
<Lab-hours>0.000</Lab-hours>
<Level>Undergraduate</Level>
<Schedule-type>Lecture</Schedule-type>
<Prerequisite>CSCI/CMPE 3333.</Prerequisite>
<Co-requisite>None</Co-requisite>
<Legacy-number>COSC-4350</Legacy-number>
<Cross-listed>CMPE-4350</Cross-listed>
<Restrictions>Senior or Junior standing.</Restrictions>
<Course-attributes>Degree Elective, CS Instruction Fee - HU</Course-attributes>
</Course>

