<?xml version="1.0" encoding="UTF-8" standalone="no"?>
<Course>
	<Department>Computer Science</Department>
	<Prefix>CSCI</Prefix>
	<Number>6180</Number>
	<Name>Problems in Computer Science</Name>
	<Description>
		An area of computer science is examined under the direction of a faculty member.
	</Description>
	<Credit-hours>1.000</Credit-hours>
	<Lecture-hours>1.000</Lecture-hours>
	<Lab-hours>0.000</Lab-hours>
	<Level>Masters</Level>
	<Schedule-type>Independent Study</Schedule-type>
	<Prerequisite>
		<item>Consent of instructor</item>
	</Prerequisite>
	<Co-requisite>None</Co-requisite>
	<Legacy-number>None</Legacy-number>
	<Cross-listed>CMPE-4382</Cross-listed> 
	<Restrictions>
		<item>None</item>
	</Restrictions>
	<Course-attributes>Exempt from 3peat processing, Exempt/Waive 6 drop process, CS Instruction Fee - G</Course-attributes>
</Course>