<?xml version="1.0" encoding="UTF-8" standalone="no"?>
<Course>
<Department>Computer Science</Department>
<Prefix>CSCI</Prefix>
<Number>3370 </Number>
<Name>Intro Game Develop</Name>
<Description>
This is a project based course in which programmers and designers collaborate to create a video game. The course investigates theory and practice of developing computer games from a variety of perspectives. 
</Description>
<Credit-hours>3.000</Credit-hours>
<Lecture-hours>3.000</Lecture-hours>
<Lab-hours>0.000</Lab-hours>
<Level>Undergraduate</Level>
<Schedule-type>Lecture</Schedule-type>
<Prerequisite>CSCI/CMPE 3333</Prerequisite>
<Prerequisite>CSCI/CMPE 3326 or CSCI/CMPE 3327 or CSCI/CMPE 3328 or consent of instructor</Prerequisite>
<Co-requisite>None</Co-requisite>
<Course-attributes>Degree Elective, CS Instruction Fee - HU</Course-attributes>
</Course>