<?xml version="1.0" encoding="UTF-8" standalone="no"?>
<Course>
<Department>Computer Science</Department>
<Prefix>CSCI</Prefix>
<Number>4325</Number>
<Name>Automata, Formal Lang, and Comp</Name>
<Description>
The course presents formal computation models. Topics include finite state machine, 
pushdown state machine, Turing machine, halting problem, definition and properties of 
formal grammars and their languages as well as theory of computability and complexity 
including the complexity of optimization and approximation problems. 
Prerequisites: CSCI 3333 or CMPE 3333 and CSCI 3336. 
3.000 Credit hours 
3.000 Lecture hours 
</Description>
<Credit-hours>3.00</Credit-hours>
<Lecture-hours>3.00</Lecture-hours>
<Lab-hours>0.00</Lab-hours>
<Level>Undergraduate</Level>
<Schedule-type>Lecture</Schedule-type>
<Cross-listed>NA</Cross-listed>
<Legacy>NA</Legacy>
<Restrictions>May not be enrolled in one of the following Programs: dnu-MED in Educational Admin, MPA in Public Administration Bus. Admin -Accelerated online. 
May not be enrolled in one of the following Levels: English Language Institute</Restrictions>
<Prerequisite>CSCI-3333 or CMPE-3333 or CSCI-3336</Prerequisite>
<Co-requisite>None</Co-requisite>
<Course-attributes>Degree Elective, CS Instruction Fee - HU</Course-attributes>
</Course>