<Course>
<Department>Computer Science</Department>
<Prefix>CSCI</Prefix>
<Number>2380</Number>
<Name>Computer Science II</Name>
<Description> A second programming course includes problem solving by structured design; provides an introduction to elementary data structures, including linked lists, stacks, queues, trees and graphs, and advanced programming techniques, including recursion, sorting and searching.</Description>
<Credit-hours>3.000</Credit-hours>
<Lecture-hours>3.000</Lecture-hours>
<Lab-hours>0.000</Lab-hours>
<Level>Undergraduate</Level>
<Schedule-type>Lecture</Schedule-type>
<Prerequisite>CSCI-1370</Prerequisite>
<Prerequisite>CSCI-1378</Prerequisite>
<Prerequisite>CMPE-1370</Prerequisite>
<Prerequisite>CMPE-1378</Prerequisite>
<Prerequisite>CSCI-1380</Prerequisite>
<Prerequisite>CSCI-1387</Prerequisite>
<Prerequisite>consent of instructor</Prerequisite>
<Co-requisite>None</Co-requisite>
<Legacy-number>COSC-2336</Legacy-number>
<Cross-listed>CMPE-2380</Cross-listed>
<Restrictions>May not be enrolled in one of the following Programs: dnu-MED in Educational Admin, MPA in Public Administration, Bus. Admin -Accelerated online. May not be enrolled in one of the following Levels: English Language Institute </Restrictions>
<Course-attributes>
Degree Elective, CS Instruction Fee - LU
</Course-attributes>
</Course>