<?xml version="1.0" encoding="UTF-8" standalone="no"?>
<Course>
	<Department>Computer Science</Department>
	<Prefix>CSCI</Prefix>
	<Number><4302</Number>
	<Name>Multimedia Systems</Name>
	<Description>
		This course presents the broad field of multimedia systems. Topics include the digital interactive 
		multimedia, creation of multimedia, and various issues involving technology, design and effectiveness of multimedia 
		applications. Students will have the opportunity to learn programming techniques for integrating video, sound, animation
		and graphics for multimedia systems. 
	</Description>
	<Credit-hours>3.000</Credit-hours>
	<Lecture-hours>3.000</Lecture-hours>
	<Lab-hours>0.000</Lab-hours>
	<Level>Undergraduate</Level>
	<Schedule-type>Lecture</Schedule-type>
	<Prerequisite>
		Undergraduate level CSCI 3333 or CMPE 3333 Minimum Grade of D or consent of instructor.
	</Prerequisite>
	<Co-requisite>None</Co-requisite>
	<Legacy-number>None</Legacy-number>
	<Cross-listed>None</Cross-listed>
	<Restrictions>
		<item>May not be enrolled in one of the following Programs:</item>
		<item>dnu-MED in Educational Admin</item>
		<item>MPA in Public Administration</item>
		<item>Bus. Admin -Accelerated online</item>
		<item>May not be enrolled in one of the following Levels:</item>
		<item>English Language Institute</item>
	</Restrictions>	
	<Course-attributes>
		Degree Elective, CS Instruction Fee - HU
	</Course-attributes>
</Course>