<?xml version="1.0" encoding="UTF-8" standalone="no"?>
<Course>
  <Department>Computer Science</Department>
  <Prefix>CSCI</Prefix>
  <Number>3341</Number>
  <Name>Software Engineering ll</Name>
  <Description>
    The course will cover the analysis of requirements and software architecture with a major
    emphasis on object design, implementation, testing and validation, maintenance and software
    reengineering. Methods for evaluating software for correctness, and reliability, system testing
    techniques, testing tools and limitations of testing, Advance Software Engineering topics such
    as Design Patterns, Aspect Oriented Engineering, Interactive Design Methods, and Formal
    Specification and included. Students will work on large group projects.
  </Description>
  <Credit-hours>3.000</Credit-hours>
  <Lecture-hours>3.000</Lecture-hours>
  <Lab-hours>0.000</Lab-hours>
  <Level>Undergraduate</Level>
  <Schedule-type>Lecture</Schedule-type>
  <Prerequisite>CSCI-3340 or CMPE-3340</Prerequisite>
  <Co-requisite>CMPE-3341</Co-requisite>
  <Legacy-number>COSC-4346</Legacy-number>
  <Cross-listed>CMPE-3341</Cross-listed>
    <Restrictions>May not be enrolled in dnu-MED in Educational Admin </Restrictions>
    <Restrictions>May not be enrolled in MPA in Public Administration </Restrictions>
    <Restrictions>May not be enrolled in Bus. Admin -Accelerated online </Restrictions>
    <Restrictions>May not be enrolled in English Language Institute </Restrictions>
  <Course-attributes>
    Degree Elective, CS Instruction Fee – HU
  </Course-attributes>
</Course>
