<?xml version="1.0" encoding="UTF-8" standalone="no"?>
<Course>
<Department>Computer Science</Department>
<Prefix>CSCI</Prefix>
<Number>4327</Number>
<Name>Compiler Construction</Name>
<Description>
Syntax analysis and semantic processing for a block-structured language. Compilation vs. interpretation; 
lexical analysis based on finite automata; syntax-directed translation; symbol tables; run-time storage allocation; 
error detection and recovery; code generation and optimization. Students are required to write a compiler. 
Equivalent course: CMPE 4327. A student may receive credit in only one course. 
Prerequisites: CSCI 3334 or CMPE 3334 or consent of the instructor. 
3.000 Credit hours 
3.000 Lecture hours  
</Description>
<Credit-hours>3.00</Credit-hours>
<Lecture-hours>3.00</Lecture-hours>
<Lab-hours>0.00</Lab-hours>
<Level>Undergraduate</Level>
<Schedule-type>Lecture</Schedule-type>
<Cross-listed>NA</Cross-listed>
<Legacy>NA</Legacy>
<Restrictions>May not be enrolled in one of the following Programs: dnu-MED in Educational Admin, MPA in Public Administration Bus. Admin -Accelerated online. 
May not be enrolled in one of the following Levels: English Language Institute</Restrictions>
<Prerequisite>CSCI-3334 or CMPE-3334</Prerequisite>
<Co-requisite>None</Co-requisite>
<Course-attributes>Degree Elective, CS Instruction Fee - HU</Course-attributes>
</Course>