<?xml version="1.0" encoding="UTF-8" standalone="no"?>
<Course>
	<Department>Computer Science</Department>
	<Prefix>CSCI</Prefix>
	<Number>6303</Number>
	<Name>Principles Info Tech Sys</Name>
	<Description>
		An introduction to information technology and computer systems. Specific topics provide an overview of databases, knowledge-based systems, e-commerce, software engineering, software tools, programming, and Internet.
	</Description>
	<Credit-hours>3.000</Credit-hours>
	<Lecture-hours>3.000</Lecture-hours>
	<Lab-hours>0.000</Lab-hours>
	<Level>Masters</Level>
	<Schedule-type>Lecture</Schedule-type>
	<Prerequisite>
		<item>Knowledge of a high level programming language and consent of instructor</item>
	</Prerequisite>
	<Co-requisite>None</Co-requisite>
	<Legacy-number>None</Legacy-number>
	<Cross-listed>None</Cross-listed>
	<Restrictions>
		<item>None</item>
	</Restrictions>
	<Course-attributes>Exempt from 3peat processing, Exempt/Waive 6 drop process, CS Instruction Fee - G</Course-attributes>
</Course>