<?xml version="1.0" encoding="UTF-8"?>
<Course>
    <Department>Computer Science</Department>
    <Prefix>CSCI</Prefix>
    <Number>4352</Number>
    <Name>Machine Learning</Name>
    <Description>This course provides an introduction to machine learning, data mining, and statistical pattern recognition. Topics include: supervised learning, unsupervised learning, reinforcement learning and best practices in machine learning.</Description>
    <Credit-hours>3.000</Credit-hours>
    <Lecture-hours>3.000</Lecture-hours>
    <Lab-hours>0.000</Lab-hours>
    <Level>Undergraduate</Level>
    <Schedule-type>Lecture</Schedule-type>
    <Prerequisite>CSCI-3333</Prerequisite>
    <Prerequisite>CMPE-3333</Prerequisite>
    <Prerequisite>Consent of instructor.</Prerequisite>
    <Co-requisite>None</Co-requisite>
    <Legacy-number>None</Legacy-number>
    <Cross-listed>None</Cross-listed>
    <Restrictons>None</Restrictons>
    <Course-attributes>None</Course-attributes>
</Course>