<?xml version="1.0" encoding="UTF-8" standalone="no"?>
<Course>
	<Department>Computer Science</Department>
	<Prefix>CSCI</Prefix>
	<Number><4303</Number>
	<Name>Computer Vision</Name>
	<Description>
		This course covers the fundamental and advanced ideas of developing computerized procedures to extract 
		numeric and symbolic information from images.
	</Description>
	<Credit-hours>3.000</Credit-hours>
	<Lecture-hours>3.000</Lecture-hours>
	<Lab-hours>0.000</Lab-hours>
	<Level>Undergraduate</Level>
	<Schedule-type>Lecture</Schedule-type>
	<Prerequisite>
		Undergraduate level CSCI 3333 or CMPE 3333 Minimum Grade of D or consent of instructor.
	</Prerequisite>
	<Co-requisite>None</Co-requisite>
	<Legacy-number>None</Legacy-number>
	<Cross-listed>None</Cross-listed>
	<Restrictions>None</Restrictions>
	<Course-attributes>None</Course-attributes>
</Course>