<?xml version="1.0" encoding="UTF-8" standalone="no"?>
<Course>
<Department>Computer Science</Department>
<Prefix>CSCI</Prefix>
<Number>3350</Number>
<Name>Numerical Methods</Name>
<Description>
This course studies the numerical solutions to various problems occurring in engineering, science and mathematics. These problems include finding solutions to nonlinear equations, solutions to linear and nonlinear systems of equations, interpolation of data, approximation of functions, numerical integration and solutions to differential equations. It also studies the influence of data representation and computer architecture on the choice and development of algorithms.
</Description>
<Credit-hours>3.000</Credit-hours>
<Lecture-hours>3.000</Lecture-hours>
<Lab-hours>0.000</Lab-hours>
<Level>Undergraduate</Level>
<Schedule-type>Lecture</Schedule-type>
<Prerequisite>MATH 2413 (or MATH 2487) </Prerequisite>
<Prerequisite>CSCI 1380 (or CSCI 1387) or CSCI 1370 (or CSCI 1378) or CMPE 1370 (or CMPE 1378) </Prerequisite>
<Co-requisite>None</Co-requisite>
<Course-attributes>Degree Elective, CS Instruction Fee - HU</Course-attributes>
</Course>